<?xml version="1.0" encoding="UTF-8"?>
<jokes xmlns:xsi="http://www.w3.org/2001/XMLSchema-instance" xsi:noNamespaceSchemaLocation="jokes.xsd">
    <jokes id="1">
        <category>Programming</category>
        <jokedesc>Why don't scientists trust atoms? Because they make up everything!</jokedesc>
    </jokes>

    <jokes id="2">
        <category>Animal Crossing</category>
        <jokedesc>Parallel lines have so much in common. It's a shame they'll never meet.!</jokedesc>
    </jokes>

    <jokes id="3">
        <category>Religion</category>
        <jokedesc>I used to play piano by ear, but now I use my hands.</jokedesc>
    </jokes>

    <jokes id="4">
        <category>Political</category>
        <jokedesc>Did you hear about the mathematician who's afraid of negative numbers? He'll stop at nothing to avoid them.</jokedesc>
    </jokes>

    <jokes id="5">
        <category>Food</category>
        <jokedesc>What do you call a fish with no eyes? Fsh.</jokedesc>
    </jokes>

    <jokes id="6">
        <category>Geography</category>
        <jokedesc>I'm on a seafood diet. I see food, and I eat it.</jokedesc>
    </jokes>

    <jokes id="7">
        <category>Celebrity</category>
        <jokedesc>Why did the scarecrow win an award? Because he was outstanding in his field!</jokedesc>
    </jokes>

    <jokes id="8">
        <category>Spooky</category>
        <jokedesc>What's orange and sounds like a parrot? A carrot.</jokedesc>
    </jokes>

    <jokes id="9">
        <category>Miscellaneous</category>
        <jokedesc>How do you organize a space party? You "planet!" </jokedesc>
    </jokes>

    <jokes id="10">
        <category>Math Movies</category>
        <jokedesc>How does a penguin buils its house? Igloos it together!</jokedesc>
    </jokes>

    <jokes id="11">
        <category>Miscellaneous</category>
        <jokedesc>Why did the bicycle fall over? Because it was two tired.</jokedesc>
    </jokes>

    <jokes id="12">
        <category>Sports Movies</category>
        <jokedesc>I'm reading a book on anti-gravity. Its impossible to put down.</jokedesc>
    </jokes>

    <jokes id="13">
        <category>History Movies</category>
        <jokedesc>What did the grape say when it got stepped on? Nothing, it just let out a little whine. </jokedesc>
    </jokes>

    <jokes id="14">
        <category>Music Movies</category>
        <jokedesc>Want to hear a construction joke? Sorry, I'm still building it</jokedesc>
    </jokes>

   
    <jokes id="15">
        <category>Pokemon</category>
        <jokedesc>What do you calll a snowman with a six-pack? An abdominal snowman.</jokedesc>
    </jokes>

    <jokes id="16">
        <category>Animal Movies</category>
        <jokedesc>Parallel lines have so much in common. Its a shame they will never meet. </jokedesc>
    </jokes>

    <jokes id="17">
        <category>Christmas Movies</category>
        <jokedesc>I usec to play piano by ear, but now i use my hands</jokedesc>
    </jokes>

    <jokes id="18">
        <category>Science Movies</category>
        <jokedesc>Do you hear the mathematician whos afraid of negative numbers? he will stop at nothing to avoid them</jokedesc>
    </jokes>

    <jokes id="19">
        <category>Science</category>
        <jokedesc>What do you call a fish with no eyes? Fsh</jokedesc>
    </jokes>

    <jokes id="20">
        <category>New Year</category>
        <jokedesc>I'm on a seafood diet. I see food, and I eat it</jokedesc>
    </jokes>


    <jokes id="21">
        <category>Halloween</category>
        <jokedesc>Why did the scarccow win an award? because he was outstanding in his field!</jokedesc>
    </jokes>

    <jokes id="22">
        <category>Miscellaneous</category>
        <jokedesc>whats orange and sounds like a parrot? A Carrot</jokedesc>
    </jokes>

    <jokes id="23">
        <category>Valentine's Day</category>
        <jokedesc>How do you arganize a space party? You "planet" </jokedesc>
    </jokes>

    <jokes id="24">
        <category>Miscellaneous</category>
        <jokedesc>How does a penguin build its house? Igloos it together!</jokedesc>
    </jokes>

    <jokes id="25">
        <category>Math</category>
        <jokedesc>why did the bicycle fall over?Because it was two tired.</jokedesc>
    </jokes>

    <jokes id="26">
        <category>Miscellaneous</category>
        <jokedesc>I'm reading a book on anti-gravity. it's impossible to put down.</jokedesc>
    </jokes>

    <jokes id="27">
        <category>Christmas</category>
        <jokedesc>what did the grape say when it got stepped on?Nothing, it just let out a little whine</jokedesc>
    </jokes>

    <jokes id="28">
        <category>Miscellaneous</category>
        <jokedesc>Do you hear the mathematician whos afraid of negative numbers? he will stop at nothing to avoid them</jokedesc>
    </jokes>

    <jokes id="29">
        <category>Dark</category>
        <jokedesc>What do u call a snowman with a six pack?An abdominal snowman</jokedesc>
    </jokes>

    <jokes id="30">
        <category>Miscellaneous</category>
        <jokedesc>why dont scientists trust atoms? beacuse they make up  everything.</jokedesc>
    </jokes>

</jokes>
    